,win_rate,standard_error,mode,avg_length,n_wins,n_wins_base,n_draws,n_total,discrete_win_rate,length_controlled_winrate,lc_standard_error
gpt4_1106_preview,50.0,0.0,verified,2049,0,0,805,805,50.0,50.0,0.0
gpt4,30.09950248756219,1.6114910688337494,verified,1365,239,559,6,804,30.09950248756219,48.350223135554934,0.4078935987702663
Yi-34B-Chat,36.79950186799502,1.7017790031627893,verified,2123,295,507,1,803,36.79950186799502,34.9162128397108,0.39506435660188205
tulu-2-dpo-70b,20.18633540372671,1.4142310698763103,verified,1418,162,642,1,805,20.18633540372671,27.576375812079903,0.4961423408017935
